<?xml version="1.0" encoding="UTF-8"?>
<project-private xmlns="http://www.netbeans.org/ns/project-private/1">
    <editor-bookmarks xmlns="http://www.netbeans.org/ns/editor-bookmarks/2" lastBookmarkId="0"/>
    <open-files xmlns="http://www.netbeans.org/ns/projectui-open-files/2">
        <group>
            <file>file:/D:/LiewPC/Admin/Undergraduate/WIA1002-DS-S2-2017/TestCode/Lecture/Bags/src/ArrayBagDemo.java</file>
            <file>file:/D:/LiewPC/Admin/Undergraduate/WIA1002-DS-S2-2017/TestCode/Lecture/Bags/src/PiggyBank/PiggyBankExample.java</file>
            <file>file:/D:/LiewPC/Admin/Undergraduate/WIA1002-DS-S2-2017/TestCode/Lecture/Bags/src/ArrayBag.java</file>
            <file>file:/D:/LiewPC/Admin/Undergraduate/WIA1002-DS-S2-2017/TestCode/Lecture/Bags/src/BagInterface.java</file>
            <file>file:/D:/LiewPC/Admin/Undergraduate/WIA1002-DS-S2-2017/TestCode/Lecture/Bags/src/Shopping/Item.java</file>
            <file>file:/D:/LiewPC/Admin/Undergraduate/WIA1002-DS-S2-2017/TestCode/Lecture/Bags/src/PiggyBank/Coin.java</file>
            <file>file:/D:/LiewPC/Admin/Undergraduate/WIA1002-DS-S2-2017/TestCode/Lecture/Bags/src/PiggyBank/PiggyBank.java</file>
            <file>file:/D:/LiewPC/Admin/Undergraduate/WIA1002-DS-S2-2017/TestCode/Lecture/Bags/src/PiggyBank/CoinName.java</file>
            <file>file:/D:/LiewPC/Admin/Undergraduate/WIA1002-DS-S2-2017/TestCode/Lecture/Bags/src/Shopping/OnlineShopper.java</file>
        </group>
    </open-files>
</project-private>
